{"trial_id": "09", "hyperparameters": {"space": [{"class_name": "Int", "config": {"name": "num_layers", "default": null, "conditions": [], "min_value": 1, "max_value": 5, "step": 1, "sampling": "linear"}}, {"class_name": "Choice", "config": {"name": "units_0", "default": 32, "conditions": [], "values": [32, 64, 128, 256, 512], "ordered": true}}, {"class_name": "Float", "config": {"name": "learning_rate", "default": 0.0001, "conditions": [], "min_value": 0.0001, "max_value": 0.01, "step": null, "sampling": "log"}}, {"class_name": "Choice", "config": {"name": "units_1", "default": 32, "conditions": [], "values": [32, 64, 128, 256, 512], "ordered": true}}, {"class_name": "Choice", "config": {"name": "units_2", "default": 32, "conditions": [], "values": [32, 64, 128, 256, 512], "ordered": true}}, {"class_name": "Choice", "config": {"name": "units_3", "default": 32, "conditions": [], "values": [32, 64, 128, 256, 512], "ordered": true}}, {"class_name": "Choice", "config": {"name": "units_4", "default": 32, "conditions": [], "values": [32, 64, 128, 256, 512], "ordered": true}}], "values": {"num_layers": 5, "units_0": 128, "learning_rate": 0.0033137745378583987, "units_1": 64, "units_2": 32, "units_3": 64, "units_4": 32}}, "metrics": {"metrics": {"accuracy": {"direction": "max", "observations": [{"value": [0.7358424067497253], "step": 26}]}, "loss": {"direction": "min", "observations": [{"value": [0.8230272531509399], "step": 26}]}, "val_accuracy": {"direction": "max", "observations": [{"value": [0.71893709897995], "step": 26}]}, "val_loss": {"direction": "min", "observations": [{"value": [0.9487499594688416], "step": 26}]}}}, "score": 0.71893709897995, "best_step": 26, "status": "COMPLETED", "message": null}