{"ongoing_trials": {}, "hyperparameters": {"space": [{"class_name": "Int", "config": {"name": "n_layers", "default": 3, "conditions": [], "min_value": 1, "max_value": 5, "step": 1, "sampling": "linear"}}, {"class_name": "Choice", "config": {"name": "units_0", "default": 256, "conditions": [], "values": [32, 64, 128, 256, 512], "ordered": true}}, {"class_name": "Choice", "config": {"name": "act_0", "default": "relu", "conditions": [], "values": ["relu", "tanh", "selu"], "ordered": false}}, {"class_name": "Choice", "config": {"name": "units_1", "default": 256, "conditions": [], "values": [32, 64, 128, 256, 512], "ordered": true}}, {"class_name": "Choice", "config": {"name": "act_1", "default": "relu", "conditions": [], "values": ["relu", "tanh", "selu"], "ordered": false}}, {"class_name": "Choice", "config": {"name": "units_2", "default": 256, "conditions": [], "values": [32, 64, 128, 256, 512], "ordered": true}}, {"class_name": "Choice", "config": {"name": "act_2", "default": "relu", "conditions": [], "values": ["relu", "tanh", "selu"], "ordered": false}}, {"class_name": "Float", "config": {"name": "learning_rate", "default": 0.001, "conditions": [], "min_value": 0.0001, "max_value": 0.01, "step": null, "sampling": "log"}}], "values": {"n_layers": 3, "units_0": 256, "act_0": "relu", "units_1": 256, "act_1": "relu", "units_2": 256, "act_2": "relu", "learning_rate": 0.001}}, "start_order": ["0"], "end_order": ["0"], "run_times": {"0": 1}, "retry_queue": [], "seed": 8450, "seed_state": 8458, "tried_so_far": ["7a981c73b977a40ddb9174a30d6f05a6"], "id_to_hash": {"0": "7a981c73b977a40ddb9174a30d6f05a6"}, "display": {"search_start": "2025-05-20T13:13:31.382054", "trial_start": {"0": "2025-05-20T13:13:31.382054"}, "trial_number": {"0": 1}}, "num_initial_points": null, "alpha": 0.0001, "beta": 2.6}