{"ongoing_trials": {}, "hyperparameters": {"space": [{"class_name": "Int", "config": {"name": "n_layers", "default": 3, "conditions": [], "min_value": 1, "max_value": 5, "step": 1, "sampling": "linear"}}, {"class_name": "Choice", "config": {"name": "units_0", "default": 256, "conditions": [], "values": [32, 64, 128, 256, 512], "ordered": true}}, {"class_name": "Choice", "config": {"name": "act_0", "default": "relu", "conditions": [], "values": ["relu", "tanh", "selu"], "ordered": false}}, {"class_name": "Choice", "config": {"name": "units_1", "default": 256, "conditions": [], "values": [32, 64, 128, 256, 512], "ordered": true}}, {"class_name": "Choice", "config": {"name": "act_1", "default": "relu", "conditions": [], "values": ["relu", "tanh", "selu"], "ordered": false}}, {"class_name": "Choice", "config": {"name": "units_2", "default": 256, "conditions": [], "values": [32, 64, 128, 256, 512], "ordered": true}}, {"class_name": "Choice", "config": {"name": "act_2", "default": "relu", "conditions": [], "values": ["relu", "tanh", "selu"], "ordered": false}}, {"class_name": "Float", "config": {"name": "learning_rate", "default": 0.001, "conditions": [], "min_value": 0.0001, "max_value": 0.01, "step": null, "sampling": "log"}}, {"class_name": "Choice", "config": {"name": "units_3", "default": 128, "conditions": [], "values": [32, 64, 128, 256, 512], "ordered": true}}, {"class_name": "Choice", "config": {"name": "act_3", "default": "relu", "conditions": [], "values": ["relu", "tanh", "selu"], "ordered": false}}, {"class_name": "Choice", "config": {"name": "units_4", "default": 128, "conditions": [], "values": [32, 64, 128, 256, 512], "ordered": true}}, {"class_name": "Choice", "config": {"name": "act_4", "default": "relu", "conditions": [], "values": ["relu", "tanh", "selu"], "ordered": false}}], "values": {"n_layers": 3, "units_0": 256, "act_0": "relu", "units_1": 256, "act_1": "relu", "units_2": 256, "act_2": "relu", "learning_rate": 0.001, "units_3": 128, "act_3": "relu", "units_4": 128, "act_4": "relu"}}, "start_order": ["0"], "end_order": ["0"], "run_times": {"0": 1}, "retry_queue": [], "seed": 5787, "seed_state": 5795, "tried_so_far": ["5d386a95b8d74ab3710adc6b2c471098"], "id_to_hash": {"0": "5d386a95b8d74ab3710adc6b2c471098"}, "display": {"search_start": "2025-05-19T17:29:46.385851", "trial_start": {"0": "2025-05-19T17:29:46.385851"}, "trial_number": {"0": 1}}, "num_initial_points": null, "alpha": 0.0001, "beta": 2.6}