{"trial_id": "08", "hyperparameters": {"space": [{"class_name": "Int", "config": {"name": "num_layers", "default": null, "conditions": [], "min_value": 1, "max_value": 5, "step": 1, "sampling": "linear"}}, {"class_name": "Choice", "config": {"name": "units_0", "default": 32, "conditions": [], "values": [32, 64, 128, 256, 512], "ordered": true}}, {"class_name": "Float", "config": {"name": "learning_rate", "default": 0.0001, "conditions": [], "min_value": 0.0001, "max_value": 0.01, "step": null, "sampling": "log"}}, {"class_name": "Choice", "config": {"name": "units_1", "default": 32, "conditions": [], "values": [32, 64, 128, 256, 512], "ordered": true}}, {"class_name": "Choice", "config": {"name": "units_2", "default": 32, "conditions": [], "values": [32, 64, 128, 256, 512], "ordered": true}}, {"class_name": "Choice", "config": {"name": "units_3", "default": 32, "conditions": [], "values": [32, 64, 128, 256, 512], "ordered": true}}], "values": {"num_layers": 1, "units_0": 64, "learning_rate": 0.00014527180385656086, "units_1": 64, "units_2": 32, "units_3": 128}}, "metrics": {"metrics": {"accuracy": {"direction": "max", "observations": [{"value": [0.711328387260437], "step": 22}]}, "loss": {"direction": "min", "observations": [{"value": [1.0825268030166626], "step": 22}]}, "val_accuracy": {"direction": "max", "observations": [{"value": [0.691242516040802], "step": 22}]}, "val_loss": {"direction": "min", "observations": [{"value": [1.3924129009246826], "step": 22}]}}}, "score": 0.691242516040802, "best_step": 22, "status": "COMPLETED", "message": null}