{"trial_id": "0", "hyperparameters": {"space": [{"class_name": "Int", "config": {"name": "n_layers", "default": 3, "conditions": [], "min_value": 1, "max_value": 5, "step": 1, "sampling": "linear"}}, {"class_name": "Choice", "config": {"name": "units_0", "default": 256, "conditions": [], "values": [32, 64, 128, 256, 512], "ordered": true}}, {"class_name": "Choice", "config": {"name": "act_0", "default": "relu", "conditions": [], "values": ["relu", "tanh", "selu"], "ordered": false}}, {"class_name": "Choice", "config": {"name": "units_1", "default": 256, "conditions": [], "values": [32, 64, 128, 256, 512], "ordered": true}}, {"class_name": "Choice", "config": {"name": "act_1", "default": "relu", "conditions": [], "values": ["relu", "tanh", "selu"], "ordered": false}}, {"class_name": "Choice", "config": {"name": "units_2", "default": 256, "conditions": [], "values": [32, 64, 128, 256, 512], "ordered": true}}, {"class_name": "Choice", "config": {"name": "act_2", "default": "relu", "conditions": [], "values": ["relu", "tanh", "selu"], "ordered": false}}, {"class_name": "Float", "config": {"name": "learning_rate", "default": 0.001, "conditions": [], "min_value": 0.0001, "max_value": 0.01, "step": null, "sampling": "log"}}, {"class_name": "Choice", "config": {"name": "units_3", "default": 128, "conditions": [], "values": [32, 64, 128, 256, 512], "ordered": true}}, {"class_name": "Choice", "config": {"name": "act_3", "default": "relu", "conditions": [], "values": ["relu", "tanh", "selu"], "ordered": false}}, {"class_name": "Choice", "config": {"name": "units_4", "default": 128, "conditions": [], "values": [32, 64, 128, 256, 512], "ordered": true}}, {"class_name": "Choice", "config": {"name": "act_4", "default": "relu", "conditions": [], "values": ["relu", "tanh", "selu"], "ordered": false}}], "values": {"n_layers": 5, "units_0": 256, "act_0": "selu", "units_1": 32, "act_1": "tanh", "units_2": 512, "act_2": "tanh", "learning_rate": 0.0029591563621848833, "units_3": 128, "act_3": "relu", "units_4": 128, "act_4": "relu"}}, "metrics": {"metrics": {"accuracy": {"direction": "max", "observations": [{"value": [0.6646478772163391], "step": 9}]}, "loss": {"direction": "min", "observations": [{"value": [5.78324556350708], "step": 9}]}, "val_accuracy": {"direction": "max", "observations": [{"value": [0.6925027370452881], "step": 9}]}, "val_loss": {"direction": "min", "observations": [{"value": [1.0252619981765747], "step": 9}]}}}, "score": 0.6925027370452881, "best_step": 9, "status": "COMPLETED", "message": null}