{"trial_id": "0", "hyperparameters": {"space": [{"class_name": "Int", "config": {"name": "n_layers", "default": 3, "conditions": [], "min_value": 1, "max_value": 5, "step": 1, "sampling": "linear"}}, {"class_name": "Choice", "config": {"name": "units_0", "default": 256, "conditions": [], "values": [32, 64, 128, 256, 512], "ordered": true}}, {"class_name": "Choice", "config": {"name": "act_0", "default": "relu", "conditions": [], "values": ["relu", "tanh", "selu"], "ordered": false}}, {"class_name": "Choice", "config": {"name": "units_1", "default": 256, "conditions": [], "values": [32, 64, 128, 256, 512], "ordered": true}}, {"class_name": "Choice", "config": {"name": "act_1", "default": "relu", "conditions": [], "values": ["relu", "tanh", "selu"], "ordered": false}}, {"class_name": "Choice", "config": {"name": "units_2", "default": 256, "conditions": [], "values": [32, 64, 128, 256, 512], "ordered": true}}, {"class_name": "Choice", "config": {"name": "act_2", "default": "relu", "conditions": [], "values": ["relu", "tanh", "selu"], "ordered": false}}, {"class_name": "Float", "config": {"name": "learning_rate", "default": 0.001, "conditions": [], "min_value": 0.0001, "max_value": 0.01, "step": null, "sampling": "log"}}], "values": {"n_layers": 2, "units_0": 32, "act_0": "selu", "units_1": 128, "act_1": "selu", "units_2": 32, "act_2": "relu", "learning_rate": 0.002481250422795769}}, "metrics": {"metrics": {"accuracy": {"direction": "max", "observations": [{"value": [0.9201081395149231], "step": 6}]}, "loss": {"direction": "min", "observations": [{"value": [1.6651846170425415], "step": 6}]}, "val_accuracy": {"direction": "max", "observations": [{"value": [0.8406374454498291], "step": 6}]}, "val_loss": {"direction": "min", "observations": [{"value": [4.140622615814209], "step": 6}]}}}, "score": 0.8406374454498291, "best_step": 6, "status": "COMPLETED", "message": null}