{"trial_id": "0", "hyperparameters": {"space": [{"class_name": "Int", "config": {"name": "n_layers", "default": 3, "conditions": [], "min_value": 1, "max_value": 5, "step": 1, "sampling": "linear"}}, {"class_name": "Choice", "config": {"name": "units_0", "default": 256, "conditions": [], "values": [32, 64, 128, 256, 512], "ordered": true}}, {"class_name": "Choice", "config": {"name": "act_0", "default": "relu", "conditions": [], "values": ["relu", "tanh", "selu"], "ordered": false}}, {"class_name": "Choice", "config": {"name": "units_1", "default": 256, "conditions": [], "values": [32, 64, 128, 256, 512], "ordered": true}}, {"class_name": "Choice", "config": {"name": "act_1", "default": "relu", "conditions": [], "values": ["relu", "tanh", "selu"], "ordered": false}}, {"class_name": "Choice", "config": {"name": "units_2", "default": 256, "conditions": [], "values": [32, 64, 128, 256, 512], "ordered": true}}, {"class_name": "Choice", "config": {"name": "act_2", "default": "relu", "conditions": [], "values": ["relu", "tanh", "selu"], "ordered": false}}, {"class_name": "Float", "config": {"name": "learning_rate", "default": 0.001, "conditions": [], "min_value": 0.0001, "max_value": 0.01, "step": null, "sampling": "log"}}], "values": {"n_layers": 1, "units_0": 64, "act_0": "tanh", "units_1": 32, "act_1": "relu", "units_2": 256, "act_2": "relu", "learning_rate": 0.006416198367381452}}, "metrics": {"metrics": {"accuracy": {"direction": "max", "observations": [{"value": [0.9037043452262878], "step": 9}]}, "loss": {"direction": "min", "observations": [{"value": [1.99656081199646], "step": 9}]}, "val_accuracy": {"direction": "max", "observations": [{"value": [0.8102136850357056], "step": 9}]}, "val_loss": {"direction": "min", "observations": [{"value": [0.7848883271217346], "step": 9}]}}}, "score": 0.8102136850357056, "best_step": 9, "status": "COMPLETED", "message": null}