{"ongoing_trials": {}, "hyperparameters": {"space": [{"class_name": "Int", "config": {"name": "num_layers", "default": null, "conditions": [], "min_value": 1, "max_value": 5, "step": 1, "sampling": "linear"}}, {"class_name": "Choice", "config": {"name": "units_0", "default": 32, "conditions": [], "values": [32, 64, 128, 256, 512], "ordered": true}}, {"class_name": "Float", "config": {"name": "learning_rate", "default": 0.0001, "conditions": [], "min_value": 0.0001, "max_value": 0.01, "step": null, "sampling": "log"}}, {"class_name": "Choice", "config": {"name": "units_1", "default": 32, "conditions": [], "values": [32, 64, 128, 256, 512], "ordered": true}}, {"class_name": "Choice", "config": {"name": "units_2", "default": 32, "conditions": [], "values": [32, 64, 128, 256, 512], "ordered": true}}, {"class_name": "Choice", "config": {"name": "units_3", "default": 32, "conditions": [], "values": [32, 64, 128, 256, 512], "ordered": true}}, {"class_name": "Choice", "config": {"name": "units_4", "default": 32, "conditions": [], "values": [32, 64, 128, 256, 512], "ordered": true}}], "values": {"num_layers": 1, "units_0": 32, "learning_rate": 0.0001, "units_1": 32, "units_2": 32, "units_3": 32, "units_4": 32}}, "start_order": ["00", "01", "02", "03", "04", "05", "06", "07", "08", "09"], "end_order": ["00", "01", "02", "03", "04", "05", "06", "07", "08", "09"], "run_times": {"00": 1, "01": 1, "02": 1, "03": 1, "04": 1, "05": 1, "06": 1, "07": 1, "08": 1, "09": 1}, "retry_queue": [], "seed": 42, "seed_state": 99, "tried_so_far": ["b79374562337771d33a0f4da47ba9e8f", "970baed94e925f546feaeed1ea157a09", "764d26091a91b67b20c31b7297bf237a", "c6d4a079a83554ac68e250b934c16cc5", "86dd7b51a34765b46fe757f21faaa7fa", "805e9298d305c60b4324579e28437de5", "4ef3cda69ea31f3d34eb41488c199f9d", "c25e85e080db0d616de9b5e8e85ea3ef", "7e90cc6cef4bec62305b8780a7a45d46", "4d833e6d8fdea847f9434f9355291384"], "id_to_hash": {"00": "7e90cc6cef4bec62305b8780a7a45d46", "01": "86dd7b51a34765b46fe757f21faaa7fa", "02": "4ef3cda69ea31f3d34eb41488c199f9d", "03": "764d26091a91b67b20c31b7297bf237a", "04": "c25e85e080db0d616de9b5e8e85ea3ef", "05": "4d833e6d8fdea847f9434f9355291384", "06": "805e9298d305c60b4324579e28437de5", "07": "b79374562337771d33a0f4da47ba9e8f", "08": "c6d4a079a83554ac68e250b934c16cc5", "09": "970baed94e925f546feaeed1ea157a09"}, "display": {"search_start": "2025-05-01T22:34:31.863326", "trial_start": {"00": "2025-05-01T22:34:31.863326", "01": "2025-05-01T22:35:16.610444", "02": "2025-05-01T22:35:47.119519", "03": "2025-05-01T22:36:37.824622", "04": "2025-05-01T22:36:57.662291", "05": "2025-05-01T22:37:24.483458", "06": "2025-05-01T22:38:17.008520", "07": "2025-05-01T22:38:52.476205", "08": "2025-05-01T22:39:27.239427", "09": "2025-05-01T22:39:49.350759"}, "trial_number": {"00": 1, "01": 2, "02": 3, "03": 4, "04": 5, "05": 6, "06": 7, "07": 8, "08": 9, "09": 10}}, "num_initial_points": null, "alpha": 0.0001, "beta": 2.6}