{"trial_id": "03", "hyperparameters": {"space": [{"class_name": "Int", "config": {"name": "num_layers", "default": null, "conditions": [], "min_value": 1, "max_value": 5, "step": 1, "sampling": "linear"}}, {"class_name": "Choice", "config": {"name": "units_0", "default": 32, "conditions": [], "values": [32, 64, 128, 256, 512], "ordered": true}}, {"class_name": "Float", "config": {"name": "learning_rate", "default": 0.0001, "conditions": [], "min_value": 0.0001, "max_value": 0.01, "step": null, "sampling": "log"}}, {"class_name": "Choice", "config": {"name": "units_1", "default": 32, "conditions": [], "values": [32, 64, 128, 256, 512], "ordered": true}}, {"class_name": "Choice", "config": {"name": "units_2", "default": 32, "conditions": [], "values": [32, 64, 128, 256, 512], "ordered": true}}, {"class_name": "Choice", "config": {"name": "units_3", "default": 32, "conditions": [], "values": [32, 64, 128, 256, 512], "ordered": true}}], "values": {"num_layers": 1, "units_0": 128, "learning_rate": 0.00028078309037793175, "units_1": 64, "units_2": 128, "units_3": 512}}, "metrics": {"metrics": {"accuracy": {"direction": "max", "observations": [{"value": [0.7431873083114624], "step": 16}]}, "loss": {"direction": "min", "observations": [{"value": [1.2110023498535156], "step": 16}]}, "val_accuracy": {"direction": "max", "observations": [{"value": [0.732410192489624], "step": 16}]}, "val_loss": {"direction": "min", "observations": [{"value": [1.4662023782730103], "step": 16}]}}}, "score": 0.732410192489624, "best_step": 16, "status": "COMPLETED", "message": null}