{"trial_id": "00", "hyperparameters": {"space": [{"class_name": "Int", "config": {"name": "num_layers", "default": null, "conditions": [], "min_value": 1, "max_value": 5, "step": 1, "sampling": "linear"}}, {"class_name": "Choice", "config": {"name": "units_0", "default": 32, "conditions": [], "values": [32, 64, 128, 256, 512], "ordered": true}}, {"class_name": "Float", "config": {"name": "learning_rate", "default": 0.0001, "conditions": [], "min_value": 0.0001, "max_value": 0.01, "step": null, "sampling": "log"}}, {"class_name": "Choice", "config": {"name": "units_1", "default": 32, "conditions": [], "values": [32, 64, 128, 256, 512], "ordered": true}}, {"class_name": "Choice", "config": {"name": "units_2", "default": 32, "conditions": [], "values": [32, 64, 128, 256, 512], "ordered": true}}, {"class_name": "Choice", "config": {"name": "units_3", "default": 32, "conditions": [], "values": [32, 64, 128, 256, 512], "ordered": true}}], "values": {"num_layers": 4, "units_0": 32, "learning_rate": 0.0006562536901904111, "units_1": 32, "units_2": 32, "units_3": 32}}, "metrics": {"metrics": {"accuracy": {"direction": "max", "observations": [{"value": [0.7746485471725464], "step": 29}]}, "loss": {"direction": "min", "observations": [{"value": [0.6786565780639648], "step": 29}]}, "val_accuracy": {"direction": "max", "observations": [{"value": [0.75617516040802], "step": 29}]}, "val_loss": {"direction": "min", "observations": [{"value": [0.8109826445579529], "step": 29}]}}}, "score": 0.75617516040802, "best_step": 29, "status": "COMPLETED", "message": null}