{"trial_id": "07", "hyperparameters": {"space": [{"class_name": "Int", "config": {"name": "num_layers", "default": null, "conditions": [], "min_value": 1, "max_value": 5, "step": 1, "sampling": "linear"}}, {"class_name": "Choice", "config": {"name": "units_0", "default": 32, "conditions": [], "values": [32, 64, 128, 256, 512], "ordered": true}}, {"class_name": "Float", "config": {"name": "learning_rate", "default": 0.0001, "conditions": [], "min_value": 0.0001, "max_value": 0.01, "step": null, "sampling": "log"}}, {"class_name": "Choice", "config": {"name": "units_1", "default": 32, "conditions": [], "values": [32, 64, 128, 256, 512], "ordered": true}}, {"class_name": "Choice", "config": {"name": "units_2", "default": 32, "conditions": [], "values": [32, 64, 128, 256, 512], "ordered": true}}, {"class_name": "Choice", "config": {"name": "units_3", "default": 32, "conditions": [], "values": [32, 64, 128, 256, 512], "ordered": true}}], "values": {"num_layers": 3, "units_0": 32, "learning_rate": 0.0009824542588158123, "units_1": 256, "units_2": 32, "units_3": 256}}, "metrics": {"metrics": {"accuracy": {"direction": "max", "observations": [{"value": [0.8172674179077148], "step": 28}]}, "loss": {"direction": "min", "observations": [{"value": [0.5399579405784607], "step": 28}]}, "val_accuracy": {"direction": "max", "observations": [{"value": [0.7816242575645447], "step": 28}]}, "val_loss": {"direction": "min", "observations": [{"value": [0.7495478391647339], "step": 28}]}}}, "score": 0.7816242575645447, "best_step": 28, "status": "COMPLETED", "message": null}