{"trial_id": "04", "hyperparameters": {"space": [{"class_name": "Int", "config": {"name": "num_layers", "default": null, "conditions": [], "min_value": 1, "max_value": 5, "step": 1, "sampling": "linear"}}, {"class_name": "Choice", "config": {"name": "units_0", "default": 32, "conditions": [], "values": [32, 64, 128, 256, 512], "ordered": true}}, {"class_name": "Float", "config": {"name": "learning_rate", "default": 0.0001, "conditions": [], "min_value": 0.0001, "max_value": 0.01, "step": null, "sampling": "log"}}, {"class_name": "Choice", "config": {"name": "units_1", "default": 32, "conditions": [], "values": [32, 64, 128, 256, 512], "ordered": true}}, {"class_name": "Choice", "config": {"name": "units_2", "default": 32, "conditions": [], "values": [32, 64, 128, 256, 512], "ordered": true}}, {"class_name": "Choice", "config": {"name": "units_3", "default": 32, "conditions": [], "values": [32, 64, 128, 256, 512], "ordered": true}}], "values": {"num_layers": 3, "units_0": 128, "learning_rate": 0.0006752863927347823, "units_1": 32, "units_2": 32, "units_3": 256}}, "metrics": {"metrics": {"accuracy": {"direction": "max", "observations": [{"value": [0.7967532873153687], "step": 20}]}, "loss": {"direction": "min", "observations": [{"value": [0.6183381676673889], "step": 20}]}, "val_accuracy": {"direction": "max", "observations": [{"value": [0.76235032081604], "step": 20}]}, "val_loss": {"direction": "min", "observations": [{"value": [1.2699285745620728], "step": 20}]}}}, "score": 0.76235032081604, "best_step": 20, "status": "COMPLETED", "message": null}