{"trial_id": "06", "hyperparameters": {"space": [{"class_name": "Int", "config": {"name": "num_layers", "default": null, "conditions": [], "min_value": 1, "max_value": 5, "step": 1, "sampling": "linear"}}, {"class_name": "Choice", "config": {"name": "units_0", "default": 32, "conditions": [], "values": [32, 64, 128, 256, 512], "ordered": true}}, {"class_name": "Float", "config": {"name": "learning_rate", "default": 0.0001, "conditions": [], "min_value": 0.0001, "max_value": 0.01, "step": null, "sampling": "log"}}, {"class_name": "Choice", "config": {"name": "units_1", "default": 32, "conditions": [], "values": [32, 64, 128, 256, 512], "ordered": true}}, {"class_name": "Choice", "config": {"name": "units_2", "default": 32, "conditions": [], "values": [32, 64, 128, 256, 512], "ordered": true}}, {"class_name": "Choice", "config": {"name": "units_3", "default": 32, "conditions": [], "values": [32, 64, 128, 256, 512], "ordered": true}}], "values": {"num_layers": 3, "units_0": 64, "learning_rate": 0.003964886305018653, "units_1": 512, "units_2": 32, "units_3": 64}}, "metrics": {"metrics": {"accuracy": {"direction": "max", "observations": [{"value": [0.65806645154953], "step": 19}]}, "loss": {"direction": "min", "observations": [{"value": [1.0494194030761719], "step": 19}]}, "val_accuracy": {"direction": "max", "observations": [{"value": [0.6345434188842773], "step": 19}]}, "val_loss": {"direction": "min", "observations": [{"value": [1.1921133995056152], "step": 19}]}}}, "score": 0.6345434188842773, "best_step": 19, "status": "COMPLETED", "message": null}