{"trial_id": "01", "hyperparameters": {"space": [{"class_name": "Int", "config": {"name": "num_layers", "default": null, "conditions": [], "min_value": 1, "max_value": 5, "step": 1, "sampling": "linear"}}, {"class_name": "Choice", "config": {"name": "units_0", "default": 32, "conditions": [], "values": [32, 64, 128, 256, 512], "ordered": true}}, {"class_name": "Float", "config": {"name": "learning_rate", "default": 0.0001, "conditions": [], "min_value": 0.0001, "max_value": 0.01, "step": null, "sampling": "log"}}, {"class_name": "Choice", "config": {"name": "units_1", "default": 32, "conditions": [], "values": [32, 64, 128, 256, 512], "ordered": true}}, {"class_name": "Choice", "config": {"name": "units_2", "default": 32, "conditions": [], "values": [32, 64, 128, 256, 512], "ordered": true}}, {"class_name": "Choice", "config": {"name": "units_3", "default": 32, "conditions": [], "values": [32, 64, 128, 256, 512], "ordered": true}}], "values": {"num_layers": 2, "units_0": 512, "learning_rate": 0.000505466655750672, "units_1": 128, "units_2": 32, "units_3": 128}}, "metrics": {"metrics": {"accuracy": {"direction": "max", "observations": [{"value": [0.8311618566513062], "step": 14}]}, "loss": {"direction": "min", "observations": [{"value": [0.5152760744094849], "step": 14}]}, "val_accuracy": {"direction": "max", "observations": [{"value": [0.795097291469574], "step": 14}]}, "val_loss": {"direction": "min", "observations": [{"value": [1.0248548984527588], "step": 14}]}}}, "score": 0.795097291469574, "best_step": 14, "status": "COMPLETED", "message": null}