{"trial_id": "02", "hyperparameters": {"space": [{"class_name": "Int", "config": {"name": "num_layers", "default": null, "conditions": [], "min_value": 1, "max_value": 5, "step": 1, "sampling": "linear"}}, {"class_name": "Choice", "config": {"name": "units_0", "default": 32, "conditions": [], "values": [32, 64, 128, 256, 512], "ordered": true}}, {"class_name": "Float", "config": {"name": "learning_rate", "default": 0.0001, "conditions": [], "min_value": 0.0001, "max_value": 0.01, "step": null, "sampling": "log"}}, {"class_name": "Choice", "config": {"name": "units_1", "default": 32, "conditions": [], "values": [32, 64, 128, 256, 512], "ordered": true}}, {"class_name": "Choice", "config": {"name": "units_2", "default": 32, "conditions": [], "values": [32, 64, 128, 256, 512], "ordered": true}}, {"class_name": "Choice", "config": {"name": "units_3", "default": 32, "conditions": [], "values": [32, 64, 128, 256, 512], "ordered": true}}], "values": {"num_layers": 2, "units_0": 512, "learning_rate": 0.001715074355925934, "units_1": 512, "units_2": 32, "units_3": 512}}, "metrics": {"metrics": {"accuracy": {"direction": "max", "observations": [{"value": [0.8169399499893188], "step": 10}]}, "loss": {"direction": "min", "observations": [{"value": [0.6184210777282715], "step": 10}]}, "val_accuracy": {"direction": "max", "observations": [{"value": [0.7733907103538513], "step": 10}]}, "val_loss": {"direction": "min", "observations": [{"value": [0.872453510761261], "step": 10}]}}}, "score": 0.7733907103538513, "best_step": 10, "status": "COMPLETED", "message": null}