{"trial_id": "05", "hyperparameters": {"space": [{"class_name": "Int", "config": {"name": "num_layers", "default": null, "conditions": [], "min_value": 1, "max_value": 5, "step": 1, "sampling": "linear"}}, {"class_name": "Choice", "config": {"name": "units_0", "default": 32, "conditions": [], "values": [32, 64, 128, 256, 512], "ordered": true}}, {"class_name": "Float", "config": {"name": "learning_rate", "default": 0.0001, "conditions": [], "min_value": 0.0001, "max_value": 0.01, "step": null, "sampling": "log"}}, {"class_name": "Choice", "config": {"name": "units_1", "default": 32, "conditions": [], "values": [32, 64, 128, 256, 512], "ordered": true}}, {"class_name": "Choice", "config": {"name": "units_2", "default": 32, "conditions": [], "values": [32, 64, 128, 256, 512], "ordered": true}}, {"class_name": "Choice", "config": {"name": "units_3", "default": 32, "conditions": [], "values": [32, 64, 128, 256, 512], "ordered": true}}], "values": {"num_layers": 4, "units_0": 512, "learning_rate": 0.00044412650444693207, "units_1": 32, "units_2": 64, "units_3": 512}}, "metrics": {"metrics": {"accuracy": {"direction": "max", "observations": [{"value": [0.8444948792457581], "step": 20}]}, "loss": {"direction": "min", "observations": [{"value": [0.4555259048938751], "step": 20}]}, "val_accuracy": {"direction": "max", "observations": [{"value": [0.7947230339050293], "step": 20}]}, "val_loss": {"direction": "min", "observations": [{"value": [0.9722274541854858], "step": 20}]}}}, "score": 0.7947230339050293, "best_step": 20, "status": "COMPLETED", "message": null}